id,tsne_x,tsne_y,cluster
2-2355,-3.261437300893779,-11.229265975362996,2
2-15512,-19.07653847459774,-1.6522149530838188,4
2-15587,3.6189988002547353,-5.4647025049564935,2
2-5136,14.323601112851344,-8.555928963511764,2
2-7901,-2.5802629101129253,-5.003682850458991,2
2-39452,10.100602287909094,-6.196257409749288,2
2-19751,-18.998235359510733,1.6134947260710804,4
2-19853,-20.211177663736976,-3.975298123250094,4
2-10318,5.366927339691187,8.5853818712896,2
2-4611,1.660231959290642,8.151526089128774,2
2-10005,-4.4895672767188515,-2.0955242752009338,2
2-4756,3.536573936152663,6.087072306627161,2
2-4796,3.477588568135623,-7.5305057931910975,2
2-201,-4.949954280667128,-8.530998415436109,1
2-20074,7.100398880244629,6.840178833841601,2
2-10728,-15.11659815386581,-10.668879970079049,2
2-38322,-13.672099643097695,-6.379969589073409,2
2-38724,8.553737783821093,-9.594472497490072,2
2-1686,-6.646434327173308,-3.122597551340558,2
2-3363,-9.033019604692095,14.472608077616545,2
2-27038,9.206508204037991,-13.784212573757351,2
2-9771,-16.70164342276161,-1.2665719644024822,4
2-38329,16.8478456003056,-0.7595619146425916,2
2-26912,12.88393679906002,-10.461436968873908,2
2-596,-7.780093970785516,2.642616828143342,2
2-189,-6.571224476013209,0.4829058168409615,2
2-16714,3.2241373127099098,-6.2539660253395875,2
2-1331,8.152183343463252,-5.811264073140019,2
2-38290,0.4861224117967051,4.119993793328442,2
2-38472,0.8054354166833968,-0.1741946521237477,2
2-9540,-11.312328938072465,-10.052617924497945,2
2-10763,6.181720780603776,0.3320454462757409,3
2-4606,-0.6753659988552932,-1.8552323577794423,2
2-31584,12.838246646619867,-3.3245337434859006,2
2-14904,-5.01119412242728,0.22088738237684116,2
2-14439,8.150482144304064,-8.014551636142587,2
2-11601,-8.459155847024729,7.388752602331284,2
2-15572,-15.52018745639933,1.278506634525602,4
2-532,2.6766591811921705,-12.744573718217481,2
2-26780,2.6623678374565762,-6.789701347483041,2
2-30651,7.096983270635791,-3.490755797461582,2
2-13193,-0.4517814247097356,2.0336158184009627,2
2-8150,4.05212193860445,7.3454443004098335,2
2-4919,-8.234183757187978,3.9692097397289237,2
2-9224,-6.399910126318134,14.061454082405326,2
2-11913,14.67704412249425,-14.094595461671867,2
2-1514,-16.513095819590387,-11.357817253892245,2
2-19435,-9.125785066769371,-2.8427896780930455,2
2-15448,-18.59903798317765,1.2136160588208202,4
2-17947,-10.725474164776085,-4.063291502588294,2
2-38460,-12.799503136800073,-6.172699283914432,2
2-20702,-0.9539266246151319,7.030935022927281,2
2-3619,-5.202389000823344,-8.731964738914197,1
2-33024,-5.397178851099601,9.110727716140929,2
2-4605,-3.0428036320324594,-8.444445323443508,1
2-9923,4.991312416444059,-5.119949584951751,2
2-23404,-12.350930209437577,8.64347962446035,2
2-1431,-10.064292281657606,10.777503565553976,2
2-162,-5.767916162003237,-10.316363431081571,1
2-15382,2.82891029148772,-5.084300157932267,2
2-38915,2.153741386287336,-3.551421050588237,2
2-38195,-2.2011738664466387,-3.563510791167075,2
2-3405,-3.461612670304168,15.652584372743876,2
2-3567,-0.7631487942928464,7.8733088483972695,2
2-32888,10.341839494261679,-9.5787262650723,2
2-10681,0.6155921517333695,-2.79475771603403,2
2-22988,-11.516154915198422,1.7393590920384523,2
2-19394,-15.968413379703213,-3.2456933165859554,4
2-2412,2.6068606247303516,0.352498272162921,3
2-7752,2.6132350780788576,-5.674990755822976,2
2-3659,2.398392692855917,3.906109728463102,2
2-53,-5.505465162818618,9.230130420179899,2
2-32895,14.088793544985524,-10.382088950433152,2
2-15450,4.115083532198578,-4.895626858958651,2
2-39015,3.826831046227657,2.2814639865073776,2
2-36814,-15.654589767211379,-1.2613645474869202,4
2-24439,9.970839399535572,-15.86957428986424,2
2-15416,-11.015726642633004,5.442381238924755,2
2-35867,1.9772455376382285,-8.464371651888644,2
2-16346,-20.695864059521988,1.760787627394733,4
2-35813,-1.2107142233008228,7.352636162995966,2
2-25670,17.186296657512038,5.745092410058971,2
2-26187,-5.122032182817081,-8.81875077284674,1
2-38250,-0.2775039775498033,-1.1128537779127485,2
2-4850,-0.8623759115314599,10.638876781461278,2
2-3583,-10.565121614280383,0.02508659192193384,2
2-38220,-10.332562288595865,-13.083027886607361,2
2-7194,9.730243639852556,-4.983824860364179,2
2-4842,-0.15670565702525927,-11.98013930496705,2
2-38197,4.17878751549645,-10.767313903435179,2
2-10425,0.8631647125943142,-7.601780221066488,2
2-4676,7.621373876718628,1.595403474295637,3
2-38461,-10.740684514539943,-4.186413391814186,2
2-26564,13.892263359876472,-5.0065168257841854,2
2-23079,-17.24306173363608,3.491006599129749,2
2-3499,12.161054077770682,12.340636564178494,2
2-14460,-2.3415614548640082,-1.9246139017199266,2
2-14342,4.326006689410025,12.678001641056895,2
2-25990,10.789545981938995,10.321819891591012,2
2-27187,0.043006329496746494,17.922372047772903,2
2-22763,10.872194662206443,5.03068133914513,3
2-38531,1.8823305324465032,17.277179823092595,2
2-8227,4.417915927162414,16.932592073991692,2
2-2460,4.789564666989638,9.624107977934942,2
2-4559,6.961220782887342,10.68872652641582,2
2-10913,11.266579647131282,8.394894501277472,3
2-38517,11.626330647791397,8.574724433962887,3
2-10765,10.648554526476449,4.005038062759024,2
2-38342,7.372529539594108,11.124607936907108,1
2-3430,5.069335925836027,0.971861494731191,2
2-402,4.42348138003993,-1.154395512666682,2
2-38754,10.477499117609119,-4.391936836567509,3
2-39389,5.325650453891524,11.949616385772483,3
2-2445,-2.1388024377857606,8.59103304686115,3
2-8474,10.643192318655986,-7.261415672055174,2
2-13464,0.30017980021138113,18.07947248725165,2
2-26693,7.625465520458663,2.5192657850439844,3
2-4871,2.2941027457779426,3.7279194804751383,2
2-3427,1.8173532660945468,6.553239606453348,2
2-4995,14.761303725096202,-14.183789955509567,2
2-3359,13.079603180295678,14.120324639605185,3
2-4861,13.784717943207045,11.447825753229012,3
2-3575,7.102921600163174,-6.592074075605066,2
2-3594,3.838614800104797,4.164033252044078,2
2-3595,18.29308548697423,11.440929738165767,3
2-3663,14.634773466866083,9.148017613654464,3
2-12703,-10.555636321198623,-9.139303708031186,2
2-4652,5.713269044485646,3.593352467798147,2
2-19772,-10.620277195093534,-14.46175076926426,2
2-3582,3.5610346512232107,5.969177086596643,2
2-14277,4.360727695679633,7.590886519334872,2
2-27068,8.57066006935229,4.237537639251375,3
2-3469,12.663465506974015,10.214710295724107,3
2-38259,-2.8190500024909144,1.3002377625117343,2
2-30293,7.274605213135171,5.425311171244618,3
2-3502,16.657749811667973,7.127204199351205,2
2-2240,-8.037719997429608,9.929056278232354,2
2-4910,5.325342758625544,6.275916128931899,2
2-2323,-8.297165641832539,8.843651511896358,2
2-3518,1.3158273206461972,2.7772489652267636,2
2-15655,4.259462421375562,14.591039277437028,2
2-3396,-2.8359283323778066,8.178935854296805,2
2-5975,-6.833319890741821,-4.315898581306891,2
2-9905,11.015008572246801,-7.001555445407504,2
2-22654,0.14397269535524046,16.460615601771433,2
2-11007,12.258276056855633,-13.241228704598285,2
2-20005,-7.591960091029602,-1.9093874435157203,2
2-15758,-10.243785680898023,-6.043183303328766,2
2-4799,10.333720266262906,0.7017429092564007,2
2-4840,-1.0188793899219095,4.206033113980141,2
2-15398,-2.7488878924952824,-7.147402928461879,2
2-4918,3.145140225573961,15.24440015538038,2
2-10331,10.568657591890952,-14.588745792552286,2
2-16029,-1.4766579804210644,-10.978918107446692,2
2-6115,-7.181261622809121,0.650134095658045,2
2-10817,-3.434575717775648,-1.1357058682388852,3
2-26921,-4.926205478129811,3.518740055686594,2
2-25222,-5.178455141525333,-3.3134704129640076,2
2-29271,3.325690288291936,-8.654263370756862,2
2-21106,0.3546899334166911,6.184017525467595,2
2-3608,-1.3105697692792504,9.814903037452257,2
2-35503,-3.8721022047644893,5.557447797649058,2
2-39334,4.170355764047705,13.169079908422757,2
2-2426,-15.612194108471844,0.05936045983053771,4
2-19773,-10.190441387410623,-13.779974850747113,2
2-8441,12.746971060575767,-12.71951218869999,2
2-21360,0.5340478491832484,-17.629848765238837,2
2-38930,1.4305011624730948,-11.186226303549022,2
2-748,16.35979134656347,9.704312576481872,3
2-2450,8.1048306377644,5.586999704771188,3
2-4552,2.461719989590539,9.983659547192605,2
2-24438,-7.395494257120509,-5.273372201002886,2
2-3400,8.893697470230569,4.479484676706887,3
2-11834,-1.2954036120754888,-2.245195959482747,2
2-3622,-1.8972718531762955,11.924677720890836,2
2-10891,2.275045671403225,8.096100975347813,2
2-16633,-8.363751214637777,7.982351006280939,2
2-2330,-5.307661305235026,6.306248960138861,2
2-3503,11.680911016882591,9.531196148321353,3
2-24435,-4.820793417143501,6.280066822013592,2
2-7977,-0.7028866514945534,-5.439593098584455,2
2-31635,11.929211940144034,-15.246107459943476,2
2-3485,4.50882967040388,-7.902943370949429,2
2-19752,-21.84320875566232,-0.37653031700471856,4
2-24629,-6.110248077649651,-9.203862885140651,1
2-4566,-10.571270499437853,-14.113974655007258,2
2-25915,5.68515848796011,13.85540095943647,3
2-3410,6.986731890656445,1.7660333352713269,3
2-3607,2.7965949921315483,5.3697370760398515,2
2-32918,11.88346086657826,-14.280732371894363,2
2-2457,14.882224132076283,8.51559829074816,3
2-19103,-0.9127765614941086,-4.535544890797982,3
2-2212,-10.745295396731008,8.94907318349245,2
2-38330,0.47052246923327923,0.8112195746464512,2
2-27084,-4.260668733890666,8.038530545865965,2
2-10327,1.3405847303083889,-6.412711073817051,2
2-13990,-15.990659294708246,-11.567700076555033,2
2-15632,-2.2965594297865666,1.1349885072120778,2
2-38367,1.596886786625124,8.072579514441973,2
2-4738,3.1177371902431745,9.152961271116855,2
2-15505,-1.5932912206072816,-3.592406623825892,2
2-3382,-9.255112072477568,1.364560289397113,2
2-3609,7.451504165955628,5.678096648782297,3
2-6339,0.9734725099605778,-8.536891592319988,2
2-19813,-20.362928143150196,-2.1871585794922543,4
2-23293,-7.7438532883838755,2.4309852721377183,2
2-4809,10.247797775594018,16.895023779681033,3
2-14993,4.003387606211225,-10.810846260361227,2
2-4830,1.2499431995511947,7.193896611489483,2
2-15540,-7.530590896815438,-1.8920631270226131,1
2-11252,-1.6878038814568561,0.8513092985438884,2
2-2307,17.730342389319578,-0.5352692844614857,2
2-1153,-4.353664526987263,-4.33670440998879,2
2-2104,-13.363511197939875,-2.9775333940815503,2
2-8420,-0.8888683921486407,7.07861649361545,2
2-14682,13.102631636265487,-6.190719302899925,2
2-25209,-3.397162368234847,-2.117140463914504,2
2-35455,5.352518879431015,-8.715926217210002,2
2-3570,15.180987910707204,10.703170251931994,2
2-2250,-13.455793548731043,-10.963563302903045,2
2-3442,10.988852318943271,17.036667560017122,2
2-22951,-2.5566127156861285,9.570660065352513,2
2-15509,-20.213111287671488,0.6905638675324787,4
2-20353,-9.99847400637541,3.593107053785229,3
2-3368,9.293724687262907,6.705096205637702,3
2-30744,-7.003926351208643,0.5514748559994023,2
2-15644,-9.810366043854685,-11.564506606685917,1
2-15650,6.319769287934832,-1.039074660708273,2
2-19801,-20.84481505757399,0.5306326998607462,4
2-15536,-19.599933185618198,2.292124430744567,4
2-190,6.395848908098115,5.623529177471825,3
2-30954,2.4547789373407976,-4.223009033286647,2
2-22958,-6.863713580810284,-9.341495504693237,1
2-15470,5.2854158663518085,-0.39230504202469246,3
2-15558,-11.97314460791446,-4.5747371494853235,2
2-15480,0.21308718100463608,-1.751515526727703,3
2-15483,-5.915335853991223,-4.3214076019029495,1
2-22809,-4.435906793085538,-10.103433007985192,1
2-30846,14.032867772347894,-8.485750075319979,2
2-9542,-16.989081114606662,-5.3002504283084555,2
2-15643,-16.751151886618768,1.6763605177213619,2
2-3731,-6.244529386321968,-11.649445551523147,1
2-3491,-9.670916921200437,7.629141375634386,2
2-19531,-5.583737992823133,-1.1677335434470708,2
2-3657,1.3837504091066168,7.844053839215597,2
2-2554,-4.420426626559766,13.310892650096521,2
2-38518,14.152226345239244,-10.35444758962647,2
2-38360,-1.411474117704672,2.8681388665036303,2
2-29611,-12.079036829317817,6.775386293004039,2
2-31838,-19.312712635099345,1.1504347400403325,4
2-38536,8.501040717792637,9.298652405563624,3
2-4925,5.612934362095851,13.171503515533303,3
2-3375,4.543697098860329,3.787074775187506,2
2-1222,-0.4353323359883103,-3.683447343641969,2
2-4555,0.9212750124891332,12.266618874320384,2
2-15593,2.784021889153475,-12.83761654882721,4
2-3399,12.960185805021602,5.891836065670093,3
2-3574,0.2983411874033933,9.827090101351562,2
2-2020,4.00695515914,-6.3877286144233905,2
2-15419,-20.592585256874322,-2.325375132389433,4
2-7206,11.621084551626282,-13.76016520347156,2
2-25911,7.483956953728715,-8.070994852961226,2
2-4904,6.68346242187966,13.731715815610407,3
2-38985,-8.553565548210981,-11.983879413783091,2
2-4875,1.6440329864922383,11.218489028944456,2
2-31327,-4.967777159100686,-10.538196510983926,1
2-9030,10.482462059864659,-8.75525881402723,2
2-38516,3.8318174273855385,7.615055506250298,2
2-6929,-11.423436823076862,-5.843356957350812,2
2-19850,-20.19374788802072,3.5013080201161944,4
2-17323,-8.315878543582826,0.1938528677881216,2
2-35082,-13.251449254427166,-7.088879317004346,2
2-20832,0.13411865924441366,6.159004209670673,2
2-9748,-1.6565560800309564,-16.416692102512922,2
2-2228,2.799653885706348,3.8873149838613945,2
2-39316,10.913486956497238,13.129679190038036,2
2-28227,1.8471784693292745,-4.366064207962147,2
2-7411,12.942330263299429,-11.895333196788537,2
2-7036,-3.9756515876718512,-2.9869557709783248,2
2-5937,2.2990349471095173,-1.2894305466333849,2
2-8244,1.1153758444285962,6.190021380446474,2
2-26774,-5.8563246299434315,1.9309974298018908,2
2-1745,15.330939519238662,2.988029913773989,3
2-1685,-6.505203568236629,14.086236258076118,2
2-15486,6.151280755212797,-6.23749538283821,2
2-4800,-1.7364352240321224,-14.225116420899566,2
2-22977,-13.278945693234471,7.051419350351378,2
2-15578,4.698520206034306,-6.4974644632811724,2
2-13416,-16.607315009106824,-4.801902746886942,2
2-38509,-8.774159409787435,-11.71226647080714,2
2-3858,1.9835376218752148,-4.55598960382893,2
2-204,0.6986908568589961,13.904492614424143,2
2-9204,-6.0502195796213485,-2.323229269753125,2
2-15586,-6.120019009092622,-17.4797960138059,2
2-38376,1.61304455361531,9.311417779736281,1
2-471,-11.983529222914377,7.383826018297137,2
2-2454,15.71506553336906,5.908688630162769,2
2-3371,16.008273247583105,11.72522451921824,3
2-2548,8.825361990680793,1.4596993441237807,3
2-30355,11.134668349182895,6.196972972648306,3
2-19701,-2.6871969680074157,-1.199439408634303,2
2-38396,-10.970758273520346,-6.6153262111057805,2
2-36582,-10.956945404154316,6.418101719142986,4
2-19284,-6.702412111531484,3.6030740003004578,2
2-26559,13.24015195898535,-8.89742333749423,2
2-38469,-11.154969802060883,-8.744064000763515,2
2-3511,13.406896965049144,6.92902519897481,2
2-3553,6.433575684797105,-1.8450619788881275,2
2-19935,-9.232549804144714,-4.590387600441494,2
2-26031,13.193062115769546,12.802723608968552,2
2-15381,-19.36008217796316,-0.24191488030840683,4
2-7732,-8.42864459344737,7.879585626290522,2
2-3404,7.6790260020508825,-0.8072257158909041,2
2-4619,2.728070067564368,11.917409514084023,2
2-26729,-1.5285766630118267,-8.184846293632758,2
2-488,-4.652483041335626,-1.8635757357041955,1
2-4590,4.100798361696144,13.849683683506719,2
2-4702,3.0823877934543624,-0.981558252182053,3
2-39399,-10.603375409647278,-14.558258545199095,2
2-3456,-5.178931005758148,-3.5848631122085663,2
2-457,-6.794252526480539,6.3713093562247085,4
2-3640,-12.771719847255534,5.786449741593264,2
2-22964,-4.221479609696331,-9.50882367672881,1
2-6952,-10.540490433563205,-9.142733775709518,2
2-17868,-19.336775835023442,0.04910040687970652,4
2-3385,6.194732513680746,14.752952802675248,1
2-285,16.606290557010244,9.699960646026822,2
2-3383,6.951740166939364,0.30348970918828766,2
2-3637,3.6448796463998376,11.926743184791361,2
2-3601,-1.2385918425843558,-1.1862981676253515,2
2-38613,-2.9315747665965413,7.893249290414299,2
2-19783,-15.98960871060665,-10.531308152752375,2
2-9832,-2.195782408682573,-5.89287513171354,2
2-3506,14.619665743434044,9.507650373752739,3
2-15468,2.7789610488625014,-12.789386519754737,4
2-10177,-3.1061169390423533,7.983615016951676,2
2-3471,4.711674097946598,-20.73331082245474,3
2-2444,12.120087289351124,4.153755813868665,3
2-13059,0.08432628655576406,-1.3328098799053214,2
2-35049,12.636264555281898,-9.592511144056134,2
2-20181,-5.385183537271228,5.105056572663285,2
2-7385,-18.780664350275394,-5.941855495606328,2
2-3389,7.395509438790226,0.49797744264972854,2
2-2464,13.793177054850434,11.350601164788323,2
2-4747,9.0409378420288,-12.174275640715027,2
2-38589,6.093958936139799,9.370519752837922,3
2-1315,8.309210714455991,4.6213398041795255,3
2-6799,-9.696671200722278,-11.761499669248359,2
2-14863,-1.9641574936952266,1.6083424421104544,4
2-19915,2.179001434181985,-2.0862434460915544,2
2-39456,0.11999478405188059,-5.821463742395829,2
2-19952,7.241114907914537,8.920780040462965,2
2-10251,0.36788680563519555,-4.339614245390262,2
2-8828,13.093314994956788,-12.318850076526553,2
2-2111,8.762492128744336,-11.256758796293582,2
2-10053,3.2889707649489504,-6.194403455264617,2
2-3590,5.031272812244132,-4.491727661872548,3
2-10334,2.5153747837555307,-0.8619328647030371,2
2-3435,10.341093200002899,-8.600946750254314,2
2-15624,-2.111892482457057,1.0220605154918048,4
2-18911,-9.239159853600523,-0.9140146153220902,2
2-36706,9.299078287588472,-2.8585384169462755e-4,2
2-3573,2.1712441136195157,6.3521447388653245,2
2-3459,2.1671581587588924,1.1761235866894693,3
2-4841,4.861498363802548,7.23964817888897,2
2-27430,-0.12363254806429973,4.857926601292281,4
2-2562,1.6291158158895165,-2.834669867046429,2
2-19804,-19.030068351116043,0.34623825101543326,4
2-24958,-6.53552582168467,-9.438066968136843,1
2-25901,6.8723198886683345,-2.1739357483557704,2
2-3647,12.822104971919302,1.3494578006396174,2
2-2109,-12.37069476492844,8.608517364215995,2
2-8874,11.380229964066327,-12.373313619279728,2
2-4664,-12.279884929231637,-7.433633464029161,2
2-3633,-10.120281381711715,-6.757331914869785,2
2-19929,1.735255797022056,-9.567943730556113,2
2-20372,-5.722583265602082,7.451359027438623,2
2-8555,0.6551650505548424,-1.0728636264961076,2
2-3364,-4.9799397355946455,11.35343757995077,2
2-13500,-0.21354812034068463,-3.2387644882577424,2
2-151,9.312219506438277,4.898059540572746,3
2-22968,-8.124329984275803,-5.129129606744962,3
2-29077,8.844100888337717,-8.585869600763646,2
2-7951,-11.203295020930678,-6.510235415515293,2
2-7565,-21.576789494699163,-2.7461957367699283,2
2-26046,0.9432265425572085,12.295884325713761,2
2-26010,1.9268359268962048,7.547416110045963,2
2-19906,-15.115429439144467,0.12654819666433645,2
2-15658,-4.839057074339754,0.5916902637575581,2
2-372,11.985562040176918,4.051064606628902,3
2-14908,-11.359563716944326,0.9715465026672832,2
2-11779,-1.3534072562247434,-1.6453932969509226,2
2-15576,-9.044462395159819,7.112683647361041,2
2-15359,-12.392619608206042,6.747692862066081,4
2-15484,-9.499877423751819,1.341446120267651,2
2-36779,-2.3885949268063897,-1.9746718524638416,2
2-13207,10.084930472833992,-7.110170467673224,2
2-7832,-8.577936682054574,-11.329406693785398,2
2-1505,-9.374119903352074,9.135456483824864,2
2-20091,-4.50954583039021,9.835665487053257,2
2-15440,-18.163158922568815,0.7189876352730686,4
2-3461,8.60076156709695,5.288882177031266,3
2-6700,-16.392954766243644,-1.2298210007448986,4
2-15467,-12.404934415996111,7.620397970435678,2
2-7966,-12.0799442353236,-6.01797710047286,2
2-3362,-3.173733064092082,-11.738659787209093,2
2-14909,1.044547744401641,-11.843451831926695,2
2-32545,13.302161601958106,-13.648069749812509,2
2-23367,0.17919723507606491,17.114844468751404,2
2-24658,-1.725766486731482,9.940228811297624,2
2-7897,-2.2880003170489887,-5.132744411086861,2
2-25498,-3.031202003747612,9.964134093458314,2
2-13498,-3.5672824407803136,-4.778104505049998,2
2-20032,-3.9966479652503972,9.259625780942837,2
2-10449,-3.3112184864315375,-9.473843506704748,2
2-3415,-7.6786768485841215,-1.6159873578663535,1
2-39123,10.548446189516763,-10.755342116978158,2
2-9198,1.3018213072234524,-8.318601181415085,2
2-15605,-21.401533589668674,0.1830381322615364,4
2-15461,-15.48240588196904,1.7517629587182346,4
2-8347,1.0395802996969916,11.596769018048015,2
2-2187,10.10192611268832,10.990149311615065,3
2-7751,4.871009948088157,14.304518927374339,3
2-23082,-22.34836348269131,-4.436903559047879,2
2-19944,-4.057842876508089,-7.188470074768766,1
2-7754,8.203342470628918,14.187260048952611,2
2-19862,-0.16928486724675762,10.8743585523081,2
2-3397,-3.752970743696935,-8.984738256775229,2
2-19838,-12.104253477521882,6.224061121609099,4
2-19912,10.061348908005451,-6.9135450707375865,2
2-3507,12.864460140988815,8.257764419884206,3
2-3438,2.1076301193492886,5.678218862689359,2
2-3676,0.4527448325941766,1.742743535846186,2
2-31793,-0.25473933783235003,-2.3189387015639746,1
2-3505,14.596779264987541,9.53200097298367,3
2-7885,10.488145366833331,-4.126999231352622,2
2-14911,-5.918747190952797,-10.476464192339579,1
2-3462,-2.492046622109818,-0.43706200681157575,2
2-15406,-23.273734059721903,1.1309726843292331,4
2-15500,-13.662216617834332,1.3479950279491972,2
2-32550,13.833064574937607,-9.547529441483556,2
2-3500,-3.726877379371412,-0.5227047810591624,2
2-4865,11.390920752422188,-4.755420589951333,2
2-4600,-3.3119393923652733,-4.7797967114210635,2
2-2268,-9.557910739173384,7.0331483869098514,2
2-5135,12.719523395751105,-8.929172673994461,2
2-5080,10.678983230257018,-7.09045467906656,2
2-39205,11.9884556797672,-11.012917774644102,2
2-32475,13.953961696018009,2.4255899739301006,2
2-22884,-17.159007955795488,-6.379082643670125,2
2-32635,14.100015009846032,-9.736116463628269,2
2-1254,15.951076410739349,5.732387597583462,2
2-33963,-18.616620112174537,-0.11436987642243603,2
2-24735,-8.90843567343926,-1.3692872235265687,2
2-39697,-8.232851491425905,3.9581956782884555,2
2-2446,-1.025505660582913,8.598066888164551,2
2-11526,-3.49988627348269,-4.719609303910606,2
2-38246,-9.413556580971338,-9.487289040858487,2
2-4711,2.471059616717048,0.9366682226319231,3
2-44,-2.535497013660223,-6.259002807684603,2
2-5381,8.853150142993881,-1.830289800698529,2
2-14874,0.6542128900447293,-5.43267058594383,2
2-38352,9.73456272539629,7.426756093934051,3
2-2529,-7.205360429952286,-3.2061086766521263,2
2-11062,-0.6139663762315252,-9.323206087253487,2
2-19956,-16.582952114691963,-11.233227379029621,2
2-89,-13.42859232939681,-2.704796822086901,2
2-39479,-2.3015167198598054,14.006877542198744,2
2-3482,-2.7684099010996537,-7.271527273817617,1
2-4813,6.645963651689043,3.8668329058884066,3
2-25188,6.5851555693026995,-7.166734807953722,2
2-24598,4.1428093960589045,-10.967259892405382,2
2-27471,9.105049983327856,-8.26500322241425,2
2-14896,4.205530405481498,-12.211629914240353,2
2-20234,-10.470135113558316,-3.4225502277133333,2
2-4671,0.4273886109713363,0.6810147647538237,2
2-17012,-12.835474231230464,-6.956308770815048,2
2-30811,14.160365314906379,-7.773458822993559,2
2-26694,7.273962956191828,-15.620925831614882,2
2-20622,8.262190980552951,11.574020673691575,3
2-7022,-16.119102455325624,-10.681092592097354,2
2-31299,9.378354275349155,-8.061143171224735,2
2-2462,4.630523975677074,1.5344729750409087,1
2-20454,-15.502030471089093,-11.233507218326206,2
2-4669,7.052636261731765,-15.82445875821184,2
2-25741,-6.550006493992269,-7.835714873653698,1
2-3403,-6.224461556132253,7.2820404388142155,2
2-1555,-13.438490414925543,13.451605412374972,2
2-22960,5.0232880837818765,0.44252954625315866,2
2-4677,3.8771782345202754,-0.15667726897454742,2
2-104,-3.227852794726642,0.069986264316965,2
2-133,8.204861272293646,-3.1410988447024315,2
2-19766,6.879856992491286,-10.718567532904286,2
2-38307,10.25354563518625,10.922006047627649,3
2-22097,0.3291258332522657,5.478446758893569,2
2-187,-13.57735326361524,-8.294409845884246,2
2-24628,-3.8961562577867404,-8.39220131812713,1
2-12085,5.218304384343469,8.325934933542145,2
2-2333,-3.617101639354838,1.6894902914599543,2
2-22982,-4.288135259098015,-12.917968374974777,2
2-8565,1.474623535207192,6.957572637364829,2
2-14906,-9.444338826077546,-1.1599216797789735,2
2-20413,-11.371380622974346,-6.27561782461739,2
2-31404,4.535321415369412,7.627076659244801,2
2-2407,-2.5299683954203758,4.368468249045593,2
2-19749,-19.830753580185167,-1.7382906522454977,4
2-3649,7.579020136229783,11.604150597981901,1
2-15389,-10.065152602617973,-4.279105503358973,2
2-9289,13.164124348589336,-9.934936542681315,2
2-25398,5.498216037785673,-10.505546714152494,2
2-3568,4.571189870660422,11.06246034985827,2
2-33677,12.708441388961381,-5.888156839098577,2
2-3875,0.4852024024031212,-3.4925058484728946,2
2-195,13.523271058373428,7.055956282413822,2
2-36126,-3.9040700638901744,-3.8652013308147097,3
2-7263,-10.739830964205506,-8.568044930816658,2
2-9068,10.608539583044724,-10.941461501347476,2
2-38263,-0.3054404461414674,1.327859368661592,2
2-98,-6.338343373104982,-2.5106036392511095,2
2-9194,9.064282153501853,6.388805317954291,3
2-23016,-4.071691085974262,-0.8232908065479894,2
2-4620,3.3746126878453495,-3.120335092177017,2
2-427,-12.279958163066508,-8.63238441353333,2
2-605,14.01138025556508,6.649480497717187,2
2-981,-7.2625969514221245,-7.735464103045384,2
2-19872,-14.849553377178975,-9.7637117040215191,2
2-3391,13.583855223877201,8.956530807063524,3
2-31961,6.0031375707292405,10.449350403119217,2
2-9347,13.307599093632344,-10.540659457929491,2
2-19842,-20.263642379512774,-2.3099017766324472,4
2-3488,-10.941356147655016,1.4633246573715415,2
2-1182,-4.315087103212776,3.1049653447268857,2
2-208,13.909065438470899,6.58082375513085,2
2-19866,-18.753978924549653,0.9328843418457876,4
2-30800,-16.545945228605472,-11.085399128892405,2
2-3726,0.9830742809227054,3.5879602533503028,2
2-4748,-9.543031911669033,5.458956509569882,2
2-15408,-23.290320293585033,0.10201363476119424,4
2-13734,-7.982240104934,8.07614902611702,2
2-10890,8.266278294053665,3.342517525948462,3
2-7515,6.3182109969610645,-7.471649758830315,2
2-29173,12.20713106124609,-3.359829957697243,2
2-3453,7.5779524299402725,-7.9696770426625125,2
2-25746,-4.733797038781743,-5.317268799648833,2
2-38959,-4.170796674851799,0.7524745161598473,2
2-4856,2.7714435131894732,10.452638138922932,2
2-4771,4.195912018268113,8.317156915906102,2
2-15614,13.807757336676854,2.619515567797636,3
2-19758,-21.83030677585408,-0.5988478285095256,4
2-4916,-4.669821110062217,2.3394832819698603,2
2-24954,-5.628155706246768,-7.977565885172462,2
2-1706,15.168056833182465,3.131344039118852,2
2-38534,7.581545515734987,11.422594451686422,3
2-39241,3.201601181282746,-3.650445042722422,2
2-15418,-19.70359436202422,2.3258171933213196,4
2-38351,7.408615959806718,13.300493866675966,3
2-17151,-22.086626248737442,1.0370082073638756,4
2-2288,-14.217890335558522,-10.595127375368115,2
2-15557,-18.562792577232116,3.0235835299031373,4
2-38986,-3.790172044213143,7.154528806012789,2
2-3605,3.5715976441516815,1.1352626899135918,2
2-35369,12.760626415827094,-3.4342398449223226,2
2-19811,-19.06968387154085,-0.4106968948666606,4
2-23020,16.246902505224913,9.871968507984827,3
2-19824,-11.28401726411223,5.222188031840795,4
2-10924,11.129527646137772,-8.550399805410201,2
2-34848,9.97508394116304,-15.920593685130484,2
2-4279,7.694273546086193,-10.480824635312112,2
2-3666,6.02014030823878,-1.3712592691268546,2
2-38458,1.354707323881132,1.3898262085858462,2
2-132,10.123230805730744,-12.166564624402449,2
2-26122,1.4698507579175493,-8.599810851355613,2
2-9556,-9.045766654619873,-11.75188609481772,2
2-9396,-14.491904962831734,-5.825803858827137,2
2-22979,-6.069676442631522,-9.519416467425204,1
2-3497,13.748691952470377,8.137184289340611,3
2-2245,-16.610954203650216,-11.404976092170669,2
2-38898,-18.559973467797384,-3.9765406287196208,2
2-19789,-21.872532276476296,-0.37363862862402764,4
2-24480,-4.42830867848821,-10.105777633476137,1
2-3422,-6.496546892834569,-7.326137593942355,1
2-24720,-5.585723322952602,-14.326793600056813,1
2-15397,3.438613815724055,-4.825396784703973,2
2-4681,5.090155484816353,-5.898951422356842,2
2-3545,-0.581140495315038,3.533850895136238,1
2-10910,13.721254545828211,9.962130126235174,3
2-1612,-10.46950201310104,7.47724187158531,2
2-3457,7.026048439191108,12.21686131705738,3
2-15574,7.794437332650599,5.0541233914045485,3
2-3374,18.108601322881714,11.372151114815992,3
2-3872,-4.13801903198278,2.6772116664545256,2
2-2543,2.3655608503438685,5.794095670313795,2
2-3681,2.1831735850200285,1.1213031060031486,3
2-3429,5.587435794528956,-0.7494209894679785,2
2-3690,-12.550924393569794,-3.3298003597060144,2
2-22731,-2.870515498825856,-7.543124976460193,1
2-14591,4.38037641870944,14.351174235436142,2
2-20511,-16.626508645383137,-4.4390465186525825,2
2-15646,-18.852573925199284,0.49724256034186964,4
2-4659,-2.2653081545350684,-5.075178470611466,1
2-12057,14.77148553170348,8.210435708192355,3
2-19326,-10.091541158455604,10.839927186673032,2
2-15640,-19.860383534252342,-0.6738457613524608,4
2-11651,6.008830540768639,7.009084430094214,3
2-15657,3.9860948647948606,-5.402884568387075,2
2-15534,-22.69053384479678,0.07380854701709323,4
2-3529,8.113614410063073,4.32585793645419,3
2-3467,13.481689338577816,13.005087009059173,2
2-4877,4.204522303872077,16.061942364721716,3
2-20205,-5.90933047329106,7.520318159666721,2
2-2392,-10.664909823933593,1.60288600018639,2
2-2191,2.1888116242778923,-0.5535420010025639,2
2-19144,-20.193719280375003,-1.5819531038326662,4
2-7366,1.1419582460034339,-8.413137634653458,2
2-3423,-3.581105720190395,-0.5352438664137907,2
2-15360,-12.390390680728098,6.8400852703009045,2
2-12961,1.5988805794587437,-9.136616097484202,2
2-4811,7.27825005838435,12.024101071658121,3
2-24955,-8.352695101950227,-5.288652164191992,1
2-1301,-10.84031439669871,6.874765544539917,2
2-39398,4.6485982530748045,-9.846235127395587,2
2-19936,-2.7546674510304587,-0.4279247743203954,2
2-24775,0.5510724235866078,-5.480411238738303,2
2-4577,-0.8002219221518636,-5.3887928692997935,2
2-26032,-17.085347146596362,-3.24854853615382,4
2-2244,3.4698151856162176,4.005878314409432,2
2-197,-5.091189851544187,-3.9073557831625902,2
2-575,-6.37298997188795,11.160261365306345,2
2-8236,4.1659705180626485,7.706496039398069,2
2-15472,3.7033376263994815,-1.516075936674326,2
2-5032,11.952840958060571,-14.055644782277305,2
2-38984,3.5263776438336376,9.544459571407986,2
2-20626,-17.463570268024462,1.7015603529618746,4
2-22961,5.877545009322429,-7.741164712015089,2
2-10215,13.368377747823478,-9.57122055158326,2
2-39322,9.15006979090245,0.24528667294197992,2
2-38496,9.398961238404338,10.745257446947184,3
2-10296,-20.605982492078116,0.6284279468658006,4
2-31863,11.387158017532842,-4.625619340483244,2
2-22930,8.658081716098154,4.307340621961069,3
2-59,-5.393668787037725,-8.935813738098446,1
2-11027,14.978112933954572,-5.842744843981441,2
2-14499,-9.645782834160686,5.375393805727184,2
2-29656,7.5083702329546504,-8.99042802421803,3
2-26014,-6.374906578262286,4.136288533742452,2
2-20567,-12.62305860261081,2.9478560335548876,3
2-31496,10.103432089514257,-7.396241031191414,2
2-5147,11.35186024499765,-13.353177998682707,2
2-10798,7.1974322885273665,-4.0582311629180206,2
2-8067,0.403051417952743,-7.884645367210194,2
2-15627,-17.03134151838891,-3.4640136276215405,2
2-26120,9.905072734022575,4.8138384195735755,3
2-30259,5.015353660273375,-6.723159859741982,2
2-25205,-7.070138118292779,-9.574932554077366,1
2-24479,-5.604610838386584,-7.85617884524949,1
2-19962,-7.3830689255521085,-5.8582279020741534,1
2-3584,13.495539019513833,9.099326661581495,3
2-22989,-11.646671774930306,7.590994503955246,2
2-1452,17.77074695730133,-0.513073637308317,3
2-7019,5.887345240882853,-14.164975595027602,2
2-38494,-10.485470612981436,-9.103244795093369,2
2-10800,3.554173020385127,-3.6352399798653936,2
2-38541,-15.167216603520481,-4.619686670762124,4
2-26026,0.28263455921035485,7.168208901460715,2
2-26121,-11.066430200828457,2.5947383341143526,2
2-172,-8.22573625425691,-4.516976607760578,2
2-2336,-6.328386328531139,10.922420402606491,2
2-4885,14.118688344979459,9.036912457045654,3
2-6697,4.706178981691382,10.16177994351095,2
2-39111,11.586268531399249,-1.1497942541051447,3
2-2332,4.272749198606516,-17.12995915253607,3
2-3625,-2.4555736539378517,-14.339236548192089,2
2-3393,5.931922038710724,-3.259478768940467,2
2-9301,11.599356634442982,-14.427260799827728,2
2-3641,-7.794537601944184,-3.2337137461088203,2
2-7649,11.173471580184238,12.246064277341413,2
2-8918,-11.41400170567756,-5.571950693036043,2
2-38331,2.54468274168451,2.9519659254710446,2
2-10920,6.7419441528854644,1.1790791308941453,3
2-16414,-9.75257121359129,7.587660054129906,2
2-22990,-7.093664707210783,-8.733921173013366,1
2-2471,0.5713552907069819,2.116817058085836,3
2-39353,3.2854184381724476,15.69247095019254,2
2-3628,14.710412489811404,8.652971048797738,2
2-12731,10.781763443991135,-5.585928171711635,2
2-26105,10.225735276792557,9.935052429904701,3
2-36379,10.901130144282911,-7.128905807161795,2
2-14396,-18.072134337365465,-0.9112955805096612,4
2-31807,2.649882743631733,-9.10881377518405,2
2-407,-5.445931653786845,1.120828761869101,2
2-11912,14.752083954489517,-14.17947691292191,2
2-3533,16.421872986717307,5.108018102546492,2
2-25906,3.263640546020541,10.54418289215202,2
2-2441,-0.7518649325219009,5.960746775667626,2
2-15529,12.68659759385565,-15.964918630582892,2
2-19491,-0.82841894942359,2.302824229608375,2
2-35511,11.579401065731494,-12.259810104228025,2
2-26862,13.034465409213785,-8.22121487573658,2
2-15606,-21.121586406074037,0.623961445657497,4
2-6758,6.235179654224566,0.5974720450317614,3
2-39372,1.4377219557014838,5.099912014220245,2
2-39138,11.192339947413892,-7.409103587405643,2
2-2417,2.0999376995302383,14.212917352476866,2
2-26701,16.91679860619143,9.579092016045509,2
2-12928,-10.652742523483564,-14.168558552871321,2
2-23018,13.903983173805091,7.122942693692175,3
2-26013,11.28962424476334,9.339407707332665,2
2-1195,-8.991612312530062,-3.1440717644161307,2
2-15506,-19.339683536269632,-0.3744943074358843,4
2-15629,-13.903092099764718,3.328463710758632,2
2-3593,14.17606350059078,11.399619664310045,2
2-20067,-1.922706798237255,4.085737749931312,2
2-4775,4.288248177228857,-5.252522546458226,2
2-4765,-11.601317118172624,-9.693231202764977,2
2-3554,-0.9511854095344084,-0.3046480053682441,2
2-38805,8.207841032017681,-6.622818001732653,2
2-12475,14.816866065349664,-14.281280162755133,2
2-19907,-4.818625376953604,-6.767090808551049,2
2-4870,5.033314674534188,11.905375875163694,3
2-24835,17.372663135537525,4.8785031859927095,2
2-3428,0.19811557945504835,5.804323218521504,3
2-39421,7.402315177530475,-6.76981534324367,2
2-22936,-4.568137151711211,-1.8063653694158817,3
2-1324,-7.838226632418613,5.0762525026552545,3
2-11606,1.5279829427895264,6.840220146221125,2
2-15372,-18.710719815742692,-0.38047189379017493,4
2-15415,-12.118983983556285,-4.883705722416635,2
2-14910,-9.574636402944245,8.9985247720834,2
2-38377,8.13798019800901,6.320012419264084,3
2-38612,-10.941720338751207,-13.635038632007504,2
2-38533,10.4256547373354,9.419249828469091,3
2-29770,8.893938871035244,-6.928468141743419,2
2-181,-3.120852479932347,-10.294394850808732,1
2-610,14.574745715792853,6.200872224539724,2
2-4978,12.14288006952817,-5.822820857675024,2
2-38532,8.493268560852327,12.82106221931822,2
2-32746,14.689719105663523,-10.881391047769602,2
2-38262,-3.762314556493769,1.4521338759161735,2
2-2184,10.715519752838055,7.278855540963184,3
2-35758,-3.8597343685530916,5.597196707617433,2
2-38807,9.645638335606685,-12.998150992880838,2
2-15564,9.259545298948197,-14.066365436760163,2
2-2541,6.349072261781028,5.6113080686091,2
2-2209,-1.0287506531496666,5.681864732168426,2
2-4743,-1.5483994226404898,11.890397695636814,2
2-4638,11.678091352989776,12.730655433644575,2
2-5033,13.136835107618648,-9.835109877740372,2
2-32693,11.831760824513449,-11.616898774888835,2
2-2557,14.633710024460905,6.67136114224214,2
2-19911,-12.378597906617593,2.9659563056452516,3
2-25850,14.096643346124658,4.8884610144376435,2
2-3556,15.223190774505506,7.612543324155022,3
2-15463,-13.545133913354602,-6.365777885829192,2
2-25927,4.044650835697056,10.72972355770774,2
2-24477,-3.962886445354788,-5.510191103983753,1
2-30752,2.2506866537733665,-4.935279270263316,2
2-38451,-13.208325735167017,-10.781769493827165,2
2-2497,-1.7743197164185196,7.107286486723329,2
2-4640,2.168785009991693,1.8855969435207014,3
2-7828,2.462448525829293,9.73267204393988,2
2-2252,10.989525234478329,7.35032286982751,3
2-14354,10.968778903626129,-14.0537397771919,2
2-19913,-14.124650295076801,-7.478827897196993,2
2-1073,-16.356990539023275,0.3459419120261026,4
2-2271,-10.461033903953306,0.7606296761868399,2
2-3615,-13.317471137302668,-3.585211847912884,2
2-3555,-5.953916221594267,1.778368751430538,2
2-9998,4.277712960099898,10.775360415622465,2
2-4699,6.834646886411458,2.9896766750547084,3
2-29334,5.9292621183506515,9.072697491544295,3
2-4740,9.643063016477525,8.691781410646668,2
2-3449,8.055618409040653,-0.507323332534949,2
2-19768,-9.713891506668162,-12.687830118524447,2
2-3377,11.37827044407482,7.211132351220517,3
2-25185,-7.334855777950935,-7.75379637923662,1
2-3379,-4.358885102191388,18.172788141392687,1
2-3450,2.024734721865643,-15.090118540638894,2
2-3617,2.259479185342464,4.223360139766805,2
2-25255,-6.766488323747527,-9.572364997323122,2
2-19908,5.556087420081909,-9.644822117000595,2
2-23212,-4.75659363064677,-12.337864489661037,2
2-571,-6.3244539159875215,6.0851863172958165,2
2-13518,15.034741515898778,-5.804046569265157,2
2-3658,10.7542568515146,10.103769167657816,3
2-27027,-4.587782940053619,2.0895536406785684,2
2-14389,4.028533158253316,13.77789722094589,2
2-3470,7.649829444403443,2.1725767452779774,3
2-2182,5.753235993249152,1.808204987711972,2
2-22351,0.1274002352940685,9.24963590784876,2
2-22657,-7.85058249111061,-1.9788408035299618,2
2-4614,-3.4288618785998097,15.733052510002766,2
2-9927,9.934552900472584,7.16621015086292,3
2-14837,6.000900584047032,13.844886638132353,1
2-26049,-13.123148178433825,-3.1534454069529625,2
2-26946,-22.57473656104111,-0.5092942169106859,4
2-19565,-8.353254410514097,-3.516094727663338,2
2-209,-2.5403038159694917,-6.520681114843232,2
2-38251,6.562217745283086,0.23360636360116444,2
2-26007,-1.2717442820771763,14.967814130477912,2
2-32729,5.591493119280982,2.04231094281907,2
2-23851,-5.187259836036705,-5.010799037610297,2
2-8934,11.631621910735912,-14.800163402915837,2
2-19920,-22.303555200510054,-3.692380271292118,2
2-3402,7.435648338962906,0.349621081759221,2
2-3431,4.2718448848083,-0.19445023759167246,2
2-2207,1.3436703684054616,9.51080335613744,1
2-15447,-17.27836629116132,1.8075478618812892,4
2-4627,11.036071216793225,16.819818549962367,2
2-28842,-2.3023603772504218,-5.846618682361091,2
2-11441,4.209831886370225,2.392608845846986,2
2-8744,7.691395563319416,-8.575816743622855,2
2-11555,0.8493386918758364,6.4282497171131405,2
2-20251,-21.16675035550951,-7.188568937102383,2
2-3510,-1.3843552978997553,6.156122355953066,2
2-31003,-5.555196979521717,4.086739354827014,2
2-3473,11.775068766915371,5.13391002312583,3
2-1460,-16.578909946165226,-11.841067734706371,2
2-36433,-13.080568495183316,-11.75516418560406,2
2-27018,0.9136655409669918,-15.178389362362074,2
2-32414,11.235193004374056,-9.57553881648755,2
2-19747,-18.816928537040656,1.539902266898562,4
2-38383,-11.287705190474043,-10.735710701536377,2
2-4911,2.9265506257431726,12.560362485572869,2
2-3646,-0.3188978626351034,17.957614046649667,2
2-4882,2.603415935423248,-3.787549304481918,2
2-15469,-17.44727542817181,-0.20793103530606227,4
2-2231,2.238279090663509,-10.653203206871522,2
2-38537,10.36901807448787,-3.8369826511332565,2
2-1323,-11.231888442246284,8.31396874082565,2
2-23004,-7.715993034061707,-1.90326908376915,1
2-3535,14.803350012526778,8.315552654208421,3
2-32307,14.026607741667068,-9.830253118184983,2
2-7512,-11.076547348260458,-0.05457343314325721,2
2-9578,12.398325175486367,-9.8882459105477,2
2-3656,18.270665446890067,11.431675908799008,3
2-3552,2.337037153445852,12.915714994361416,2
2-24762,17.78495321044781,4.700152414140942,2
2-19947,-3.898559569196903,-2.843487721525846,2
2-2352,-19.99250541443107,2.112747407431119,4
2-205,-2.6926361496599838,-1.7243796990584628,2
2-3509,13.137550282600317,14.42425731056986,2
2-3520,-20.033705023925506,1.2730907209876783,4
2-34722,2.203119891137281,-0.9665890151959854,2
2-25157,-12.910444818680356,7.186776249358712,2
2-25113,-5.433929504618311,-6.18560366891771,2
2-186,-6.563158786906774,10.783709380343433,2
2-36160,-6.537592082161156,14.241409932314088,2
2-15380,-20.37820355886991,0.9953459609049795,4
2-9904,12.960020641487182,-11.887471601004824,2
2-3527,11.117928374325036,-3.2168737139926318,2
2-3598,5.402817233210893,9.47693016118266,3
2-39375,-0.511067478854112,13.69892987367009,3
2-30022,-1.1584025547584686,-4.211641431443889,3
2-30303,6.606051455843311,0.9497605656937081,3
2-35345,9.005907183571269,-13.055742329010146,2
2-31800,0.2665043412905139,4.449370214702719,2
2-19846,-1.8229711907945234,-3.541991571897991,2
2-1608,17.915557422310446,-0.5102377668628887,3
2-27242,11.633879011623241,-15.274104478059414,2
2-4815,12.785186258193596,1.7825797652057107,2
2-4733,2.492821254657895,2.6650502093558117,2
2-2256,10.12437445439704,12.265653832442121,2
2-15423,-15.11360307740782,-4.583889361688711,4
2-27049,9.387846482087514,-4.213762772014348,3
2-23011,-6.144805695334514,-12.063770279240636,2
2-15104,-6.115372447298114,-11.023031746365627,1
2-33328,2.7819802079626186,12.907473132295381,2
2-3688,-10.28086778900932,14.314136447698369,1
2-15370,3.338828098615806,-4.222436818346788,2
2-3448,17.559130725852242,-0.5293301667923224,2
2-2377,-8.347186195001619,-6.9773827493362175,2
2-3670,7.403561578346615,6.798487807114427,3
2-19916,-0.16866467310011463,-8.581321801155736,2
2-14527,9.88605194737735,10.934056494299154,3
2-19019,-15.89824759453771,-7.674406152574346,2
2-3683,12.836548263586149,10.964064673194608,3
2-29174,4.678304824679131,-9.347083240874083,2
2-7291,-9.20007450037735,8.23806270873508,2
2-19923,16.518405710990617,9.368133108081674,2
2-3401,0.5600114440730452,14.068858200390908,2
2-32858,13.138898428677628,-11.804948234245751,2
2-3411,-0.18209613185833165,9.41219226215022,2
2-4580,-5.460963419893682,1.5110736252280454,2
2-2258,-7.826212328980393,10.062579789807776,2
2-2312,-7.837297587087701,-3.2057011193449076,2
2-26228,10.011432040973531,-3.370209967034646,2
2-4862,11.821257384286307,9.676184405190757,2
2-3477,-11.04293206423468,-0.20107284252087887,2
2-4597,0.038365275568370286,-2.7841007918900935,2
2-15396,2.3688302021654746,0.42356857385316615,3
2-15651,-20.157238093016375,1.2912781832246893,4
2-11195,6.956106099084497,5.429008102563374,3
2-14701,6.208583708878237,-8.990609484826578,2
2-23303,-9.157529190571495,-1.34292186481174,2
2-4686,6.777375986637311,-4.4299120300387465,2
2-25376,-4.03576684533877,-6.9051458298145025,2
2-39170,-10.553474202594423,-14.639858051566375,2
2-3443,3.534507783249885,2.39834659008477,1
2-14783,-0.12326671983334359,1.7776465667440695,3
2-4805,4.726847624767855,11.501941851448645,2
2-14524,13.561321436221219,11.881076336693232,3
2-3413,17.708990858065487,4.710881880291886,2
2-15451,-1.9396102442012122,-2.823394991321334,2
2-24779,-9.255184635915024,-2.694995527841208,2
2-3580,13.142015460746448,5.178373524737421,3
2-15579,-21.714942792475128,0.15268993097465478,4
2-4772,11.812640211187633,12.709647917934642,2
2-15748,-12.626155946155679,-6.515469811745389,2
2-2180,-1.656115124703039,6.201056535732254,2
2-3551,4.426420064822137,2.207136348513865,2
2-28948,12.780625461486036,-13.318431467335326,2
2-3425,1.9165176953335135,-6.19968312046613,2
2-15510,-18.849228221427584,0.47170184769044154,4
2-3765,4.760548056137857,3.1356737965077124,2
2-38313,-11.958622639143325,-4.183929285332847,2
2-3660,-0.8350679867147115,6.740053842678052,2
2-3395,-1.9234246522586538,-14.252401407673538,2
2-26473,-9.34372830126874,3.0357512680993683,2
2-2124,-5.807160774640061,-1.4162277678628539,1
2-3588,-16.51592756038132,-11.136444843461367,2
2-2276,1.1868794373274356,-11.6459118340392,2
2-2357,8.247673066283141,6.887371838446024,3
2-8857,12.099875480121526,-8.303465374392962,2
2-23749,-0.807043153866839,18.250224024466625,2
2-14897,-10.781474473454193,2.137064614218492,2
2-23650,-12.683873199550346,8.551807123252578,2
2-4737,5.259046264937338,7.295083526588136,2
2-39516,-5.223496546318749,-8.847535322484015,1
2-16185,7.949304484748598,-11.719178036828097,2
2-9196,-21.83990674024729,0.30380585508445485,4
2-29819,-2.809503369522167,12.983790220303245,2
2-4921,4.810142841113141,16.012445617413054,3
2-10923,-20.315323572575377,3.3818833918244513,4
2-18363,-18.88778303478367,-1.528029319884793,4
2-38271,-10.53385482336262,-13.645882967979832,2
2-3489,9.28662894560534,13.904999857412918,2
2-19857,-20.199475699111378,-4.03389106273448,4
2-2248,7.482682494306886,4.429592702351648,3
2-2552,17.426651494283195,-0.5873790530666515,2
2-15366,-22.205497358096043,-1.0879189881497944,4
2-4731,0.4748663221412786,-17.770506652425322,1
2-23459,-2.7920256479857466,2.9425935877138665,2
2-2533,-3.2801263752334187,2.1275548390273316,3
2-38245,11.886219860730447,11.51710864106997,2
2-38618,8.585182220758377,-1.3770696667994622,2
2-26646,10.329774468209635,-4.017997659715215,2
2-9202,-15.177919031990994,-10.773930189847485,2
2-804,-6.177125883838,-12.209078779518924,1
2-15373,-19.79981359605253,0.0940290424284118,4
2-14907,-3.316708056556223,-2.0755364863581724,2
2-19281,-18.58035175704409,-2.188603795169062,4
2-31185,7.494301457214309,-13.592421197283736,2
2-4863,-1.1175549784777652,10.298630451458532,2
2-7738,-13.077809704838865,9.101981601139032,2
2-2375,2.861312503355428,-0.3677542137961999,3
2-8506,1.8299334337030804,-7.378161529245122,2
2-4855,7.8013305153268355,8.447619847753506,2
2-20122,0.3598494530341638,-4.436225648526215,2
2-13461,-2.4607896936983367,-1.492629982255628,2
2-20052,-15.666726572226953,-11.236185596796116,2
2-14571,7.29271024506925,3.133604025549432,3
2-39422,10.88106165110894,9.394019575145094,3
2-22952,-2.492183918278556,3.341884047811783,2
2-26985,7.794301583537148,-7.950845244036201,2
2-15615,-17.747457338215273,-4.58706765469653,4
2-15446,2.3546069192204397,0.6839611397055285,3
2-19785,-19.38215765012159,-3.051410938313996,4
2-15481,8.138396451936297,18.15581368455149,1
2-4673,3.8516737758332336,0.19111629197663474,2
2-38852,3.584939563759923,-4.347711305316906,2
2-2022,3.867083887728644,5.033139787660114,2
2-3621,3.3814425918744258,1.3008405773850633,2
2-7973,10.011711156608248,-7.838073600809804,2
2-23013,-10.153543786774769,-1.9097676739708622,2
2-14300,7.320963619998347,12.519137247174854,2
2-39145,9.96512128999124,-9.30743431775843,2
2-28967,13.832085407408206,4.444333676175026,2
2-7745,7.189774104408207,-15.703583605428797,2
2-36435,9.130185156952136,-13.145645524303633,2
2-33919,13.49308441441827,2.9440528018459338,2
2-4586,1.6792739491384756,15.367085866663054,2
2-24664,-7.695812976185586,2.351429735435366,2
2-11260,8.511444833676398,-6.5083646186201225,2
2-9873,-1.4112497520134537,-1.504093437653072,2
2-3592,8.385214056707925,-14.605092202090692,2
2-27074,7.417867907150331,-9.61682293423588,2
2-26128,0.8452583760984865,-16.413503105328708,1
2-277,-0.8375834163217513,-0.24587060176345285,2
2-12009,7.822780979499661,-14.032754530273387,2
2-38464,2.276480506345385,-6.699294481713301,2
2-15513,-5.404407749080285,-9.470975831227076,1
2-19791,7.555386999463413,-6.016951393079051,2
2-35209,-1.9840506790787646,-4.6538715101809975,2
2-32863,12.883423903793311,-12.651525172857063,2
2-3682,12.810378839803706,8.531405147638747,3
2-32755,11.604873405747584,-14.934339073279478,2
2-24397,7.860510898985116,4.110134942158244,3
2-10464,0.1506720347066431,2.970962816737367,2
2-25166,-13.83136190316313,-0.2999538749985185,4
2-9443,4.342350358006092,17.065077359894985,2
2-9006,-16.954393310091167,-5.032571124491987,2
2-8707,4.860302103702836,-2.9313833515627143,3
2-13,4.112265700734874,-10.831221322839188,2
2-26550,5.805503778324221,-0.6079047484281147,2
2-4787,3.3993863902877997,11.080107870018216,2
2-38432,0.9615411711686708,8.452875856922827,2
2-4628,1.37494979282226,17.238254889703644,2
2-24530,0.15040239390528734,7.875141586229594,2
2-3680,10.76789773959959,8.354437633571635,3
2-4564,10.885813532007765,2.167419680257703,2
2-39379,-0.1755560899289196,-7.034939676896998,2
2-38214,-3.9022162554229545,-0.04013898724701805,2
2-11103,1.064000675581515,-8.370139667706939,2
2-3655,15.935404626175558,9.786834613208475,3
2-22992,-5.670588904949025,-4.6108247933375575,2
2-3581,-5.5248629987901055,-6.1071258398484405,1
2-12984,-15.241017551889174,-4.608750533441576,4
2-15584,-18.853826707212274,1.8208991270394013,4
2-3540,5.362542557400378,-4.259235160592552,2
2-6272,0.16939523021140865,-6.954332309899716,2
2-846,-2.6053075556493206,6.41948105493373,2
2-10690,12.838494768161079,-4.144029832350494,2
2-5283,12.118607247793276,-12.395203825244948,2
2-4874,-1.2744759535712324,14.990156698757753,2
2-4924,9.118659849737535,-0.8301116245166698,2
2-38786,7.290420014966678,-1.6515001677333008,2
2-3528,11.075439821013836,6.389907887561203,3
2-25095,17.384190901488076,4.935507202178778,2
2-3412,-10.736635207260035,1.9524427960448372,2
2-30818,4.609074043398693,-11.880541134391901,2
2-36168,9.265745583843536,-11.342556341062235,2
2-75,-2.9895483502127616,6.3439714875199416,2
2-1327,-10.94245802036224,7.813019071790941,2
2-3398,8.068812703930734,-3.2705235493922173,2
2-3373,12.325790535185957,5.991780199109272,3
2-4779,-0.44907504422128197,12.367611321324256,2
2-26050,4.213078103061023,-9.327155624578877,2
2-39286,0.3395857479705938,4.127530237400656,2
2-8782,2.1647192310169947,-2.2752697146480827,2
2-26047,-1.9235860737013024,12.067247386078975,2
2-4906,1.1832298352148196,-4.198017033903707,2
2-11343,8.750910456912191,-9.562315531851743,2
2-15590,6.242134654137588,-9.148022547742352,2
2-3614,10.107407527662165,16.550253902667446,3
2-38243,5.592161964637781,0.14804781632072508,2
2-30142,5.536686345122004,-6.800665272231599,2
2-12163,13.82694933156659,-4.975204616897825,2
2-5131,10.88120205845674,-10.491683640254209,2
2-4768,5.668631349580961,10.47440812327447,3
2-15610,-20.98008317907734,1.6963338772303849,4
2-20028,3.282557976952849,-7.424808067777274,2
2-19851,-21.758734721145206,-0.25309090101399523,4
2-23456,0.8288637980073537,-9.733897408347206,2
2-34776,0.3815558100797406,-13.205825463513508,2
2-29720,10.148602065806536,-15.683094944812883,2
2-19917,1.7839641626563252,-0.39084416596192606,2
2-3432,9.928571826956395,17.15637968836698,2
2-210,-4.219840284898246,6.899416204325575,2
2-1556,-11.761151366891388,8.585976320728264,2
2-27034,7.055989447428897,-9.370766557282845,2
2-8800,0.6666739609615782,-6.6340360047980536,2
2-39045,5.747506753524927,2.288184688251274,2
2-27150,-7.070245847939142,0.5377981595418745,2
2-3439,8.98517646482118,3.2726002161919574,2
2-15433,-21.029633607147442,2.3708250601217706,4
2-3392,5.299659076728545,-1.3259841732398883,2
2-15203,-9.377234669959442,-2.503282255112122,2
2-3665,11.454675257739963,7.985460487862093,2
2-36070,2.0904884029472606,-2.8596598236190767,2
2-35056,14.149185293671438,-1.2108636734681058,3
2-38513,-4.4032097178289815,13.158184373219958,2
2-2478,4.281326888208944,-17.09284569409593,2
2-38438,-6.393625316924909,-9.792893124919257,1
2-6728,-9.953281737137816,-0.022891695282887613,2
2-24996,6.303893807125276,-7.182845477551068,2
2-39465,-0.7607902352309233,11.721426718846716,2
2-4750,8.999780932068772,8.747388203808365,2
2-3434,12.007475570927252,8.856573509568447,3
2-3424,5.2093827092040135,-2.001878959755183,2
2-26063,8.022740677631663,-3.164430272473412,2
2-12808,4.600538348319298,10.07536871977868,3
2-25897,-1.3992182338898935,-9.977244206939442,2
2-38375,13.515293007626378,11.851111237149475,2
2-6895,10.183823212128388,-15.544370724382055,2
2-8961,-8.168849149420597,-4.6563581740530555,2
2-15393,-19.468022826272183,-0.4277812723069463,4
2-15591,-10.993378742457605,-2.4651557171344436,2
2-14522,10.611107457566725,8.911990340882584,3
2-2215,-11.056929317078898,-0.4827990194580339,2
2-26149,-13.428936571614013,1.3968415274596646,2
2-4616,0.5641786120291256,12.590674391818936,2
2-23765,-10.404002656805757,8.33424600864911,2
2-23333,-12.333565354221404,9.775446468939613,2
2-24559,-3.580654527933805,-16.515759921390668,3
2-27560,10.344542478950288,-10.755587786965066,2
2-2216,-1.8914636572174877,6.445202273018471,2
2-7543,-0.45973602784342943,-9.575859946642353,2
2-11992,3.2958396321294896,9.633097025030713,2
2-3515,-12.683740015237507,-3.2747596950169453,2
2-13310,-0.22644341030955184,1.099551034888463,2
2-31792,-0.5306009520369328,-2.692140356062864,2
2-15555,-20.087184549181398,3.3550054064714447,4
2-18535,-20.38610510663888,-1.1806777992846353,4
2-38306,-1.3466719614112639,1.0102752193169189,3
2-38681,11.596064458686497,-12.201044322211631,2
2-3630,-1.411370441645151,-10.883257967914219,2
2-22913,4.680650153556585,-12.057579108778818,2
2-26700,4.680377318007776,-3.726739774731404,2
2-38528,-3.377524488682941,3.2896136117185093,2
2-570,-8.156194805448026,-5.062495462120297,2
2-2116,15.061160096039153,3.2304196548896584,2
2-4571,3.5041698111066353,11.108407248766806,2
2-4691,9.191711995227768,7.8643202211910115,2
2-19934,-13.026801107933345,-0.7374455630156369,2
2-155,-6.482426876917241,-8.660047076913203,1
2-14239,7.824736062306923,9.861770470309867,2
2-4909,5.7668351631313275,10.669627797836338,2
2-3634,14.430322530626967,9.209192046527745,3
2-22969,-10.852746565560368,1.4079595943989813,2
2-14901,-9.639543667252026,-2.170443137140611,2
2-24458,4.308389542372795,-8.741842778056618,2
2-19836,-17.136236407259695,1.6709632860487902,4
2-6975,-1.3005123423704141,-2.9182269229660593,2
2-17494,-14.086088449786441,-5.063050107301954,2
2-25983,0.6758847949610715,7.106566139291628,2
2-2385,1.149474370946947,-2.502362176004283,2
2-32952,-5.103691220216209,-10.686167051017199,1
2-39035,-11.748163258228859,-3.5036497994714297,2
2-7965,1.3485758110494157,-5.251590529715543,2
2-34585,-7.0591623722203325,0.5281488630504596,2
2-14857,8.782787263015228,6.883471815521337,3
2-626,-6.690994384882727,3.5586146933525025,2
2-25938,-5.681605327166018,1.6814398950260714,2
2-8263,13.035882807750827,-9.280110545983556,2
2-3671,6.692132226888998,8.04523313225604,3
2-15515,3.450901911292237,-7.2687390549476625,2
2-27365,12.903818801727828,-14.004263458396785,2
2-27755,14.045534441863044,-9.011599607870783,2
2-38378,6.75642966456369,16.041709951750374,2
2-13548,3.3454748661476397,11.133152090591894,2
2-23364,-9.305184164553308,-4.431194688385344,2
2-39482,9.399565101417263,-4.395624238842655,2
2-3696,12.680687216351297,11.230005192800675,2
2-22928,-0.9269961504333808,18.37079911427946,2
2-7727,4.136577212584046,15.736780861390741,2
2-7768,11.952409247265239,8.769283566049598,2
2-2035,-2.426589496733687,4.674722767985946,2
2-6750,4.679080755401084,-7.98069581171911,2
2-17999,-22.31084675232502,1.58234553873138,4
2-22971,-5.942415932274042,-6.335955290518548,1
2-38608,9.882950776550706,-1.2604212724356583,2
2-24495,-6.056580884033151,-4.309373213005044,2
2-22995,-6.983977165525831,-4.644681309681412,2
2-38580,11.41727307177411,-4.319485934783423,2
2-160,-2.16945048974435,8.686329062905193,2
2-32905,12.755170938462973,-14.867947552628387,2
2-2387,11.952314970457117,-2.7620999329483382,2
2-19490,-1.2054299343563366,4.922919137000949,3
2-4719,-2.548938830098738,-5.457825340504269,2
2-19328,5.6959441608846815,3.552580094243133,2
2-4631,7.179057267995261,1.2261649409315256,3
2-3472,7.015499855247379,3.132862123362009,3
2-7500,-12.04431428731617,-7.284708101790116,2
2-4576,6.715135892430156,14.354577926869476,1
2-2284,12.818163707901558,-0.37656801509950105,2
2-16979,-7.885114607245732,14.039780457379477,2
2-4851,0.841342144599565,-2.2036401793845903,2
2-3437,-3.774342490314452,4.479218790519852,2
2-15384,-14.053826488329921,-5.13674947796171,2
2-3616,9.182130335715431,-2.3202130869701962,2
2-3421,7.505862098382008,11.603524242088566,3
2-9416,-22.49602343309755,-0.47613432029653907,4
2-14375,9.163492353200526,15.84993788778892,2
2-6133,5.087686376728134,12.943826307547116,2
2-4821,-2.8410486922966363,-3.8134631739094567,2
2-3623,2.8735361220306608,8.183147157728907,2
2-3679,15.457325910941424,7.576663711108353,2
2-38409,0.5308090868352822,9.789831259632573,2
2-2341,5.014214434127389,10.960839979755102,3
2-27045,3.5175170479403186,-5.2729001496318695,2
2-38201,-10.92655014739852,-5.224485630400278,2
2-19965,1.0843274923911375,-3.6477172114740823,2
2-35596,8.884560575977769,-13.055296834685908,2
2-9574,12.324576414401653,-9.176186858991022,2
2-3420,2.3010769707404415,6.602793904161282,2
2-27055,9.736460982571153,2.840515838407555,3
2-15619,-23.263878737643136,1.1453344357831365,4
2-38622,4.501290120958535,5.84355530975628,2
2-35579,12.979850332567707,-16.23324490886703,2
2-12600,-12.692220548365936,-6.6210397580149944,2
2-22939,-5.583999059102424,-14.323886806023122,1
2-2456,6.812413961548456,-1.088063909990348,2
2-13160,-8.68378993425871,7.573902299345197,2
2-14584,-1.002090908828065,-5.371773240064123,2
2-19927,-10.399360247426321,14.216225772824517,1
2-2518,-7.937564388273937,14.119230967371855,2
2-2205,7.908578180172135,-14.094436886390078,2
2-38285,6.752635413907215,16.031240319333076,2
2-19865,-21.234885279752387,-0.890015294189342,4
2-970,-9.642395282075132,-6.013036199347944,2
2-3697,15.016727364054974,9.913049518187288,2
2-38192,4.584503650195151,11.737033160831041,2
2-3501,15.54582312515773,6.0963446685176725,3
2-26161,-1.013558534966239,-12.557655671642534,2
2-25136,0.8411721174215373,-16.347961416328115,2
2-38193,2.940582520059141,3.1736743462100736,2
2-2370,1.2923804903742042,2.6665719478735914,2
2-38602,11.360371824431818,-11.663795737446792,2
2-4575,0.40320395936213915,5.6154956570753605,3
2-2200,10.95226459169491,3.21657597162937,3
2-19863,0.9379554127731791,-5.589299536534727,2
2-9326,12.711430062185032,-15.113763916181755,2
2-21454,0.7287890144642118,-14.84450447180613,2
2-31857,11.493065803291495,-3.472130167384016,2
2-3358,11.917881057362894,7.026939249693654,3
2-3495,11.933630062818233,11.040738016217437,2
2-25754,-4.618836675821673,-7.958010110059944,1
2-19755,-19.555092089148104,-0.14672919771048548,4
2-22980,-12.740471000001959,2.900312796057366,2
2-3635,-3.459299762808822,1.8971768539432006,2
2-15523,-19.104998084509212,0.5576044154772333,4
2-17282,-12.519877186451627,-6.242957834538813,2
2-25510,-3.310451323706726,-12.102210025412598,2
2-4694,4.344168470504525,17.625146575673806,2
2-8281,6.219029951887811,8.65029779426052,3
2-11120,2.515641009902782,-4.986346292117964,2
2-3668,6.586678499313809,3.103502559805524,3
2-38295,10.678971064210156,0.6943198091064886,2
2-14833,6.116819994098759,12.823105421317424,2
2-30375,2.3592966971523204,10.054030524037387,2
2-3433,-2.9719849305656245,-9.46246421330677,2
2-27699,11.888716238118663,-6.617555253830914,2
2-15407,-23.41716907409532,-0.670150599405159,4
2-2208,-6.5027496209121125,5.546850446441777,2
2-20619,15.98152668799904,9.690189728119082,3
2-3684,4.711053718132539,-20.73355289915321,3
2-11660,10.948676142158908,-9.036112343518866,2
2-32041,9.957065118172789,-10.675191503450083,2
2-15559,-13.905184471999059,-5.471571381511244,2
2-16953,-6.123347976124558,-17.47883238642745,2
2-14205,8.537950185027668,6.998346833608857,3
2-4798,8.932818131433333,2.5675175980782265,3
2-40,7.845706065286706,-5.520902821839224,2
2-9763,0.43211647721393853,18.50741497389833,2
2-19089,-14.502748089648906,-5.2580213861172895,2
2-20151,-0.27605143204686466,16.914313361689942,2
2-5129,13.012964123050342,-9.62112280986733,2
2-2364,1.2428252434166707,4.528709203313701,2
2-38299,0.06488194465538988,-1.356448442006089,2
2-14204,11.051305157544775,6.694555803991513,3
2-2470,2.6535890383855065,3.6992797995910487,2
2-36678,-6.874871985034969,0.4619013471261166,2
2-38406,-12.003339541889329,-4.113047906217303,2
2-23010,3.2285705896101917,-9.938936525967907,2
2-20016,-8.590251978895077,-7.175047358626141,2
2-4367,2.7495635378133256,-4.017730785547904,2
2-1901,-16.787317024395417,-11.369515027064985,2
2-14996,-5.4341862060262605,-11.176096452165263,1
2-15532,-22.41903702464443,0.6347088479709362,4
2-38971,0.32020852334787986,7.95395832781514,2
2-15473,-20.583167889795043,-0.05982979045993411,4
2-30021,8.184531105776498,2.987687529643239,2
2-4837,4.377594792393905,17.639388333470354,2
2-3596,2.4244838884205553,9.247655002891504,2
2-15537,-20.72057669617308,2.4768199858628006,4
2-3487,4.894019263336,1.2632133458367492,3
2-19874,-3.986024509385603,4.277224415965857,2
2-38346,4.647407404446925,-11.545388124147415,2
2-19754,-22.76272881217885,-1.3614480717214603,4
2-13210,-4.972449572040783,-7.957641285292969,1
2-14079,-0.06966548220315663,-1.2343489395768086,2
2-28545,13.23133330055092,-10.124184472766576,2
2-19802,-13.622942780880138,-4.570190282378214,2
2-25492,-10.458450886694813,-1.9467727912732087,2
2-4587,4.867576037341267,4.730217345754786,2
2-32993,8.977237752936688,-9.647634972415405,2
2-33068,2.7548824887148182,19.12828259312005,1
2-1339,-13.439994354688436,13.45648595731019,2
2-14912,-0.9141648693352636,-4.465613010192722,2
2-38535,14.300193351318814,0.37374065876392004,2
2-2198,-7.911009833962349,14.042611435348482,2
2-20018,-8.477317062792013,-3.3782535787621493,2
2-2363,13.078987726985257,14.068937044693882,2
2-1310,-9.936630241136978,2.8462364954649035,2
2-32617,13.989379532760454,-12.396583954184175,2
2-7583,-10.414431349300708,-13.5326019963264,2
2-3360,-4.262426891524151,9.579579161089221,2
2-4774,1.0441032088209565,-1.2863385125379474,3
2-3632,0.8340995986442673,-16.291614484474984,2
2-2466,8.535243320703453,14.416521110180529,2
2-12875,-19.574474018164825,-5.929718072653801,2
2-20855,-0.3589171675391291,6.626194580589761,2
2-3523,-5.106633708485104,-8.966777183090263,2
2-3451,10.901838086686045,-2.239175171975855,2
2-4569,6.181324905489091,9.012466318688942,3
2-15374,-1.696727874207126,-0.16651526573320327,2
2-3516,9.79488979032519,17.478454060848083,2
2-11124,1.04928073004324,10.764691234921806,2
2-4692,9.867236830217047,4.22372471896198,3
2-38389,9.224958935326178,6.234828870856318,3
2-4574,6.59805397220167,13.731796089290745,3
2-18731,-15.480888493616739,-7.655090605185885,2
2-24475,-6.096478444481027,-0.2913180474853928,2
2-38813,11.844768694691995,-14.3858164986254,2
2-17146,-15.35561867276515,-7.592452859571732,2
2-3492,15.9504826186899,10.097212684354135,2
2-3669,10.04635007694351,6.469845248247114,3
2-22508,-4.982040352872552,-3.3794475311993804,2
2-2175,-21.822519814952436,-1.0603701534150975,4
2-15711,-21.699021328315098,-1.180413274667432,4
2-12593,7.969402431840631,-9.790196568623134,2
2-15541,-1.225232864537142,-7.4494595556686605,2
2-2351,6.529602191752507,7.983837004123659,2
2-2238,-0.3768633661952767,17.949535697122915,2
2-14283,9.497446014985888,4.279526109575359,3
2-4730,10.04682607814284,15.81030356365469,2
2-3558,3.788762406860104,13.369897831180541,2
2-4682,10.459637806558451,0.6067381646079707,2
2-2108,-10.676153349305006,-14.449477202552416,2
2-3522,11.90968637759887,7.745559421804218,3
2-4879,2.558399585730112,4.684473204924089,2
2-20388,17.397461043983636,4.817268323197341,2
2-11486,-23.476694876011983,1.3996740070604738,4
2-26611,-5.753669792899416,-1.6304502865552604,2
2-29687,-4.774210782985162,-9.261970200655012,1
2-25979,6.112741778715554,13.490759645680464,1
2-851,-7.1565503223967735,-3.0323230572975812,2
2-20263,14.629767716736426,12.098272484754826,2
2-25948,1.4078695190228412,7.467566310537634,2
2-15503,-19.64590890824359,1.2136029950826583,4
2-6949,-1.141274626959266,0.11702991392977535,2
2-32817,14.128080522758623,-12.398861346533565,2
2-32926,-0.9697538454617911,-3.8289597699191154,2
2-15482,-6.888854036489787,-10.307093187141831,1
2-3388,14.429511380616528,7.128217688506972,3
2-8705,5.745139063880945,13.223366016230266,2
2-26826,-4.747883429808295,-0.41902457368815227,2
2-3366,-5.78667226323231,7.41632190326645,2
2-9105,-1.4788832530211413,-1.9158113060184847,2
2-24729,17.78433548002253,3.6134309996193568,1
2-26011,10.74437610945897,13.375976007431994,2
2-15449,-9.750523548197352,2.8877819597744994,2
2-3744,5.261801677525107,-5.082571872966388,2
2-11454,-6.968722946098686,9.791105668045505,2
2-15581,5.539260441730431,-6.748301859755325,2
2-3642,0.23273729655436903,5.357530553353864,2
2-17215,-12.311682856317812,-2.1843616640238923,2
2-6860,-9.276660363056548,-9.705868961416462,2
2-23091,-5.595222083320094,-7.368586462015867,2
2-15562,-22.802698636545784,-1.1631087173320283,4
2-19744,-0.31197390594502633,-8.582624367212826,2
2-2123,9.09171189774585,-0.957517954217234,2
2-9618,12.195727776641911,-8.844648625246553,2
2-39407,-5.353035065778363,3.979944781687389,2
2-4670,3.370657554423186,8.993198601251128,2
2-1286,-17.896511216763006,-0.3226971070709116,4
2-15439,-21.94856404366995,-1.744895121877815,4
2-1650,-10.715505760857189,9.452393844924051,2
2-4792,6.665134782920993,-7.836749577251551,2
2-3530,16.556489517833967,9.682297163968675,2
2-15608,-21.657610532057806,0.4621872776959336,4
2-19932,0.6533080136597487,0.5883118333125223,2
2-4722,10.314674171088752,7.201809332877565,3
2-15490,-20.1599841061215,0.768647282651709,4
2-15412,-11.417209140503239,-9.593982217126065,2
2-26277,14.513057065164572,-8.944215181365351,2
2-1285,6.545354077538239,-5.869959079855867,2
2-2553,-6.395551993229725,-5.574775771148621,2
2-168,-5.4389730295887375,9.247978195639265,2
2-16397,-19.97456146734789,-2.198491408296086,4
2-29847,10.145568989264,-7.353064185601559,2
2-4742,-7.706149057904733,14.19035656079583,2
2-3636,8.588272967158082,3.320720075544076,3
2-10915,9.43656519861851,-9.944271330789391,2
2-38312,0.565199687169331,7.898996807215872,2
2-3512,5.210491504900923,2.6531928368971673,1
2-8694,-0.15538606625342652,-9.80574154094512,2
2-33244,10.403605462077968,-3.5235312027296,2
2-20733,-0.12911458950248553,7.103806662261684,2
2-8171,11.507545274839979,-12.180588475680846,2
2-26123,4.562326370541597,16.776072645747682,3
2-35486,14.662481842278133,-9.279257715111216,2
2-15642,-6.138365108398947,-2.2806842154155236,2
2-15369,-20.29189502493148,-0.8101335948178726,4
2-1809,-8.29622308528827,6.184798485009638,2
2-12220,3.7241215627114905,-6.045500516356621,2
2-31433,10.726330476898683,-14.645952265037812,2
2-7548,-0.3462608903552246,-6.2297783746745345,2
2-19939,-13.585258521765295,-8.306476740213606,2
2-12516,-1.7031161899604845,-10.406514765580384,2
2-9053,2.528103647438591,11.336610318141643,2
2-15524,-18.88829216117387,1.4248601843657691,4
2-10310,-1.9904610872406123,5.36779780095878,2
2-33969,14.05569923635649,-9.196707678810743,2
2-3650,-4.035345060983336,-9.024361630299229,1
2-3772,-8.839461300236511,1.363224235537551,2
2-19859,-19.018997431893524,-0.4422532754571473,4
2-3517,6.617427482612521,-0.45403765693658565,2
2-32507,1.0858997154026435,-15.048621746561702,2
2-23012,-7.187241307432875,-5.1917597311276324,2
2-15081,-8.41133606532394,-1.3963847070988797,3
2-176,-4.418317520071623,-9.159235178482724,2
2-31447,3.935183610467326,-5.870950739252905,2
2-26784,9.314457376286219,-13.077595288233175,2
2-27567,13.266029413068086,-3.075879976087835,2
2-3626,8.496077722697054,17.7094773857263,1
2-4751,9.384429166701967,3.6542243201869455,3
2-26145,4.132059842718412,-6.981899459154786,2
2-3367,5.5770906369558135,-1.0618015945167238,2
2-20193,-3.0762883453129852,-11.73915132894541,2
2-3369,12.033700242563768,7.505794715371555,3
2-4752,5.414428994822023,2.4811172171419305,2
2-3498,7.466902773951732,10.7831735973646,3
2-19810,-19.768483783535736,2.5735707001313934,4
2-8797,-22.018313797331487,-1.8694997963560507,4
2-24527,-7.813539312372383,2.1203711491499364,2
2-3675,10.052969187533707,5.793385068413296,3
2-3486,2.334776627606663,10.902786345155441,2
2-9630,-9.962546177420723,-6.990243071930576,2
2-1668,4.572055426373389,-4.133278997845931,2
2-19814,-11.497605290044469,-0.07995159748357838,2
2-29758,6.165903059303243,-11.936232098332761,2
2-25195,-6.184827661666951,-11.205864491457698,1
2-15365,-19.47708612406065,-1.0204563428635995,4
2-13829,14.735384782128017,-14.176187037839876,2
2-5755,-0.5595524555082425,5.80996579742224,2
2-25998,0.8768757341112426,-15.734234191408348,1
2-1882,-10.09594258578563,5.381294273682609,3
2-1312,4.1781428446332125,-2.3234101270538723,2
2-36446,8.910645378700815,-7.040447481252185,2
2-10363,-1.5239642777100002,-2.6890897765632684,3
2-19798,-20.213333379192765,-3.0741068406015772,4
2-20020,-10.852077578488528,6.155974950513879,2
2-15462,-21.617150595435035,-1.5804878661785893,4
2-4802,5.033230515759929,4.661156432563745,2
2-23235,-10.471668662812034,8.150480053783834,2
2-38448,-4.472906155113339,3.9712218561449775,2
2-38402,11.87184696686837,8.618326629866207,3
2-14825,5.708161056372985,13.732889080353855,2
2-22963,17.332656093863427,4.901064755522,2
2-34297,9.43694442543491,-10.803722587057825,2
2-24965,-2.9128577747033697,11.45113185566305,1
2-14210,-9.587281005795631,11.258143549401371,2
2-20262,-3.0371185679406456,11.12131759445643,2
2-35072,8.059533179960782,-7.1114032028001715,2
2-10873,8.914322580371831,13.817492924853397,2
2-4602,10.869583858615302,11.874407196590095,3
2-3494,8.750912584889981,13.793756570455775,2
2-22933,13.001627050386324,7.557149436482394,2
2-32694,11.165065498839011,-9.369860091496815,2
2-4923,8.565212548414296,10.291743281328705,2
2-4581,9.574975236529667,9.542772651779726,3
2-15358,2.752624699604793,-3.1559066614893716,2
2-1982,13.89014561019721,4.242610742443378,2
2-3748,-0.7155937780224448,-3.266968779835352,2
2-12926,-11.597602902809305,-4.663164029957942,2
2-38520,5.617421198387402,-10.267258238114088,2
2-39215,12.343562347708243,-14.233311972892198,2
2-3407,9.678707772492098,11.353490917001878,2
2-5127,10.950842962827943,-9.699905226179663,2
2-22978,-3.131310421167359,-12.710858506904296,2
2-38492,8.407358036139494,12.370014667295871,2
2-4714,5.464612448586288,4.375393570941875,2
2-3464,11.930038770448895,6.916132470596511,3
2-188,-0.8811949451001221,0.02071704846108062,2
2-38680,12.550274321633035,-3.850630679244524,2
2-24902,-8.524407465554638,-4.555762546216172,1
2-8148,-4.881713440912871,11.44995500123397,2
2-2368,-2.350957697314866,-2.6408007367239508,2
2-3514,13.104504466160224,5.997205382087144,2
2-4823,12.75432860202248,1.8641501231621043,2
2-3409,10.646887348001183,10.077459067350624,3
2-11649,-1.4724765713482633,-1.646757573250939,2
2-38328,-11.056179317952315,-9.003755003981592,2
2-31289,9.6093529257499,5.242388344949649,3
2-10366,3.537788820653735,-1.4576684330944079,3
2-11999,5.157678702579247,7.475877148747664,2
2-1322,-9.62534553621154,8.068981702098958,2
2-19942,-1.8031500913067484,1.9534897460068021,3
2-11908,16.548979240731416,-12.456223659662076,2
2-2515,-9.522337940901414,8.450713438071023,2
2-4902,-1.5885208199981877,4.160725315797988,3
2-3537,2.2488556611869113,6.915941927045215,2
2-24961,-7.370403498495772,-6.072404730687993,1
2-8186,3.217675554398532,7.170573891998543,2
2-38327,1.5825880649695052,10.237622512014179,2
2-17087,-18.390580947874778,-2.199370854197801,4
2-11994,6.904220275114416,-10.700415554342188,2
2-15477,3.665839353212427,-6.1072597149258065,3
2-14836,9.761118744986153,12.185066441623581,3
2-3569,13.134938301508802,5.063033047211056,3
2-4913,11.127636376043005,16.855881271590345,2
2-24426,-10.760979515942262,6.829887525214805,2
